{
  "statistics": {
    "feature_0": {
      "mean": -1.4455215360823018e-15,
      "std": 0.9999999999999993
    },
    "feature_1": {
      "mean": -1.2697827156014352e-15,
      "std": 1.0000000000000004
    },
    "feature_2": {
      "mean": 2.2148670390763174e-16,
      "std": 1.0000000000000004
    },
    "feature_3": {
      "mean": 6.867761524188783e-16,
      "std": 1.0
    },
    "feature_4": {
      "mean": -4.971177015538923e-15,
      "std": 0.9999999999999993
    },
    "feature_5": {
      "mean": -2.1674454525973535e-15,
      "std": 1.0
    },
    "feature_6": {
      "mean": -4.853738851376312e-16,
      "std": 1.0000000000000007
    },
    "feature_7": {
      "mean": 5.579010173995762e-16,
      "std": 1.0
    },
    "feature_8": {
      "mean": 2.5256179057678813e-15,
      "std": 1.0000000000000002
    },
    "feature_9": {
      "mean": -2.5295232128896783e-15,
      "std": 1.0
    },
    "feature_10": {
      "mean": 7.986353064074933e-16,
      "std": 1.0
    },
    "feature_11": {
      "mean": -2.4000204392258017e-16,
      "std": 1.0000000000000002
    },
    "feature_12": {
      "mean": -1.089789899862897e-15,
      "std": 1.0
    },
    "feature_13": {
      "mean": 1.5844388894147962e-16,
      "std": 1.0000000000000002
    },
    "feature_14": {
      "mean": -1.7777515919437496e-15,
      "std": 1.0
    },
    "feature_15": {
      "mean": -1.3264096688674924e-16,
      "std": 0.9999999999999994
    },
    "feature_16": {
      "mean": 4.0029397998419587e-17,
      "std": 0.9999999999999998
    },
    "feature_17": {
      "mean": 8.197658074415022e-16,
      "std": 0.999999999999999
    },
    "feature_18": {
      "mean": -1.1370022734603361e-15,
      "std": 0.9999999999999998
    },
    "feature_19": {
      "mean": 1.3305939264979891e-16,
      "std": 0.9999999999999996
    },
    "feature_20": {
      "mean": -2.362710808687205e-15,
      "std": 1.0000000000000007
    },
    "feature_21": {
      "mean": 1.35569947228097e-15,
      "std": 0.9999999999999999
    },
    "feature_22": {
      "mean": -1.8332627431750074e-15,
      "std": 0.9999999999999998
    },
    "feature_23": {
      "mean": -4.792369739462359e-16,
      "std": 0.9999999999999996
    },
    "feature_24": {
      "mean": 4.6315547711969316e-15,
      "std": 1.0000000000000002
    },
    "feature_25": {
      "mean": 1.5649123538058112e-16,
      "std": 1.0
    },
    "feature_26": {
      "mean": 6.795234391926837e-16,
      "std": 1.0000000000000004
    },
    "feature_27": {
      "mean": -1.3501204621069742e-16,
      "std": 0.9999999999999998
    },
    "feature_28": {
      "mean": 5.216374512686037e-16,
      "std": 1.0000000000000002
    },
    "feature_29": {
      "mean": -2.199978055674466e-15,
      "std": 1.0000000000000002
    },
    "feature_30": {
      "mean": NaN,
      "std": NaN
    }
  },
  "metadata": {
    "n_features": 31,
    "generated_at": "2026-01-10 18:20:32",
    "training_samples": 398
  }
}