{
  "feature_0": 0.041757918894290924,
  "feature_1": 0.4222434461116791,
  "feature_2": 0.0,
  "feature_3": 0.22345925867557526,
  "feature_4": 0.3412942886352539,
  "feature_5": 0.10203149914741516,
  "feature_6": 0.09517291188240051,
  "feature_7": 1.1197731494903564,
  "feature_8": 0.019569136202335358,
  "feature_9": 0.007790904957801104,
  "feature_10": 0.022875482216477394,
  "feature_11": 0.041067663580179214,
  "feature_12": 0.014087452553212643,
  "feature_13": 0.7952588796615601,
  "feature_14": 0.025273248553276062,
  "feature_15": 0.5308754444122314,
  "feature_16": 0.04260725528001785,
  "feature_17": 0.059559717774391174,
  "feature_18": 0.19039861857891083,
  "feature_19": 0.00990802701562643,
  "feature_20": 0.02878861129283905,
  "feature_21": 0.6763955950737,
  "feature_22": 1.8172532320022583,
  "feature_23": 0.668679416179657,
  "feature_24": 0.13739708065986633,
  "feature_25": 0.008636616170406342,
  "feature_26": 0.7399330139160156,
  "feature_27": 0.7277202606201172,
  "feature_28": 0.2801101803779602,
  "feature_29": 0.01105639897286892,
  "feature_30": 0.0
}