{
  "feature_0": 0.024308722466230392,
  "feature_1": 0.17595677077770233,
  "feature_2": 0.0,
  "feature_3": 0.26557955145835876,
  "feature_4": 0.14064140617847443,
  "feature_5": 0.09028438478708267,
  "feature_6": 0.0069214231334626675,
  "feature_7": 1.2939989566802979,
  "feature_8": 0.0044007813557982445,
  "feature_9": 0.0,
  "feature_10": 0.029418887570500374,
  "feature_11": 0.05096932128071785,
  "feature_12": 0.0083168875426054,
  "feature_13": 0.6377975344657898,
  "feature_14": 0.04791707918047905,
  "feature_15": 0.4300459325313568,
  "feature_16": 0.0,
  "feature_17": 0.03322627395391464,
  "feature_18": 0.019857777282595634,
  "feature_19": 0.025770585983991623,
  "feature_20": 0.2765185534954071,
  "feature_21": 0.7721132040023804,
  "feature_22": 1.5995374917984009,
  "feature_23": 0.3402427136898041,
  "feature_24": 0.16621680557727814,
  "feature_25": 0.05631731078028679,
  "feature_26": 0.7419589757919312,
  "feature_27": 0.8310919404029846,
  "feature_28": 0.041760582476854324,
  "feature_29": 0.013779873959720135,
  "feature_30": 0.0
}