{
  "feature_0": 0.036234159022569656,
  "feature_1": 0.3208964169025421,
  "feature_2": 0.0,
  "feature_3": 0.3917373716831207,
  "feature_4": 0.17874528467655182,
  "feature_5": 0.06991761922836304,
  "feature_6": 0.00809209793806076,
  "feature_7": 1.367225170135498,
  "feature_8": 0.004461311269551516,
  "feature_9": 0.005408596713095903,
  "feature_10": 0.0005023382836952806,
  "feature_11": 0.06863908469676971,
  "feature_12": 0.03695064038038254,
  "feature_13": 0.627845823764801,
  "feature_14": 0.026495391502976418,
  "feature_15": 0.3551429212093353,
  "feature_16": 0.0024933242239058018,
  "feature_17": 0.023741042241454124,
  "feature_18": 0.16218158602714539,
  "feature_19": 0.02862199768424034,
  "feature_20": 0.13727092742919922,
  "feature_21": 0.7130075097084045,
  "feature_22": 1.5015671253204346,
  "feature_23": 0.4297957420349121,
  "feature_24": 0.24366867542266846,
  "feature_25": 0.03485063835978508,
  "feature_26": 0.7876184582710266,
  "feature_27": 0.7678964734077454,
  "feature_28": 0.08886265754699707,
  "feature_29": 0.0,
  "feature_30": 0.0
}