{
  "feature_0": 0.016621185466647148,
  "feature_1": 0.4375879764556885,
  "feature_2": 0.0,
  "feature_3": 0.2619660198688507,
  "feature_4": 0.45236778259277344,
  "feature_5": 0.18395346403121948,
  "feature_6": 0.0,
  "feature_7": 1.3748148679733276,
  "feature_8": 0.014610002748668194,
  "feature_9": 0.06360824406147003,
  "feature_10": 0.02961396612226963,
  "feature_11": 0.01640002615749836,
  "feature_12": 0.015712954103946686,
  "feature_13": 0.9343604445457458,
  "feature_14": 0.009650686755776405,
  "feature_15": 0.6056962609291077,
  "feature_16": 0.049470119178295135,
  "feature_17": 0.21813717484474182,
  "feature_18": 0.15788350999355316,
  "feature_19": 0.013271842151880264,
  "feature_20": 0.3699236214160919,
  "feature_21": 0.806424081325531,
  "feature_22": 1.1616204977035522,
  "feature_23": 0.6279574036598206,
  "feature_24": 0.1093628779053688,
  "feature_25": 0.0,
  "feature_26": 1.2407606840133667,
  "feature_27": 0.5242964625358582,
  "feature_28": 0.32032763957977295,
  "feature_29": 0.0,
  "feature_30": 0.0
}