{
  "feature_0": 0.05312667042016983,
  "feature_1": 0.4258774518966675,
  "feature_2": 0.0,
  "feature_3": 0.2128177434206009,
  "feature_4": 0.19744041562080383,
  "feature_5": 0.0014124769950285554,
  "feature_6": 0.007016350980848074,
  "feature_7": 1.091491937637329,
  "feature_8": 0.004463299177587032,
  "feature_9": 0.003778198268264532,
  "feature_10": 0.016260281205177307,
  "feature_11": 0.005892684683203697,
  "feature_12": 0.003470340045168996,
  "feature_13": 0.7152650356292725,
  "feature_14": 0.04974796250462532,
  "feature_15": 0.34172534942626953,
  "feature_16": 0.0025072998832911253,
  "feature_17": 0.03808263689279556,
  "feature_18": 0.07504548132419586,
  "feature_19": 0.014444365166127682,
  "feature_20": 0.4638660252094269,
  "feature_21": 0.4845632314682007,
  "feature_22": 1.3177982568740845,
  "feature_23": 0.3143835663795471,
  "feature_24": 0.219561368227005,
  "feature_25": 0.08811768889427185,
  "feature_26": 0.6272263526916504,
  "feature_27": 0.6814313530921936,
  "feature_28": 0.0449613556265831,
  "feature_29": 0.014330444857478142,
  "feature_30": 0.0
}