{
  "feature_0": 0.02423563040792942,
  "feature_1": 0.29202142357826233,
  "feature_2": 0.0,
  "feature_3": 0.17137740552425385,
  "feature_4": 0.19320841133594513,
  "feature_5": 0.09617453813552856,
  "feature_6": 0.036747414618730545,
  "feature_7": 1.142624855041504,
  "feature_8": 0.021459758281707764,
  "feature_9": 0.0,
  "feature_10": 0.0165088027715683,
  "feature_11": 0.0,
  "feature_12": 0.032791510224342346,
  "feature_13": 0.6195293068885803,
  "feature_14": 0.007171007804572582,
  "feature_15": 0.3015042245388031,
  "feature_16": 0.0028260748367756605,
  "feature_17": 0.03585172817111015,
  "feature_18": 0.054792460054159164,
  "feature_19": 0.03428338095545769,
  "feature_20": 0.5257537961006165,
  "feature_21": 0.6566917896270752,
  "feature_22": 1.6096007823944092,
  "feature_23": 0.30144545435905457,
  "feature_24": 0.19917917251586914,
  "feature_25": 0.038316939026117325,
  "feature_26": 0.7161139845848083,
  "feature_27": 0.5556588768959045,
  "feature_28": 0.1401497721672058,
  "feature_29": 0.0,
  "feature_30": 0.0
}